[{"@type":"mappingTemplate","id":"@1","name":"Mapping_RESTV2","description":"","bundleVersion":"0","templateId":"@3","deployTime":1715549606000,"hasParameters":false,"valid":true,"fixedConnection":true,"hasParametersDeployed":false,"fixedConnectionDeployed":true,"isSchemaValidationEnabled":false,"tasks":0,"mappingPreviewFileRecordId":"@2","documentType":"MAPPING","references":[{"@type":"reference","refObjectId":"@703W6N0R7ACi6p77Yk9W6b","refType":"connection"},{"@type":"reference","refObjectId":"@0F1KqXPKEj5fxub9Oi1zop","refType":"connection"}]}]